[{"code":"","color":"#FF16171C","name":"YouTubeScrapper Credits #0","typeName":"","palette":"10","type":"h","spec":"Please Give Credit to @PaxSenix (@alex_)"},{"code":"","color":"#FF16171C","name":"YouTubeScrapper Header #1","typeName":"","palette":"10","type":"h","spec":"Initialize the YouTubeScrapper there."},{"code":"%s \u003d new YouTubeAPI();","color":"#FF16171C","name":"YouTubeScrapper Initialize","typeName":"","palette":"10","type":" ","spec":"%m.YouTubeScrapper initialize"},{"code":"%1$s.setLanguage(%2$s);","color":"#FF16171C","name":"YouTubeScrapper setLanguage","typeName":"","palette":"10","type":" ","spec":"%m.YouTubeScrapper setLanguage %s "},{"code":"%1$s.setCountry(%2$s);","color":"#FF16171C","name":"YouTubeScrapper setCountry","typeName":"","palette":"10","type":" ","spec":"%m.YouTubeScrapper setCountry %s "},{"code":"","color":"#FF16171C","name":"YouTubeScrapper Header Handle Task","typeName":"","palette":"10","type":"h","spec":"Use this block first before using block below"},{"code":"try {\r\n%1$s\t \r\n} catch (Exception es) {\r\n%2$s\t \r\n}","color":"#FF16171C","name":"YouTubeScrapper handle exception","typeName":"","palette":"10","type":"e","spec":"try","spec2":"catch"},{"code":"java.util.concurrent.ExecutorService executor \u003d java.util.concurrent.Executors.newSingleThreadExecutor();\nfinal Handler handler \u003d new Handler(Looper.getMainLooper());\nexecutor.execute(new Runnable() {\n\t@Override\n\tpublic void run() {\r\n\t\t%1$s\n\t\thandler.post(new Runnable() {\n\t\t\t@Override\n\t\t\tpublic void run() {\r\n\t\t\t\t%2$s\n\t\t\t} });\r\n\t} });\r","color":"#FF16171C","name":"YouTubeScrapper do task and handle task","typeName":"","palette":"10","type":"e","spec":"Start Task","spec2":"Handle UI"},{"code":"","color":"#FF16171C","name":"YouTubeScrapper Header #2","typeName":"","palette":"10","type":"h","spec":"HomePage method"},{"code":"%2$s \u003d %1$s.getHomePageAPI();","color":"#FF16171C","name":"YouTubeScrapper getHomeWithoutAuth","typeName":"","palette":"10","type":" ","spec":"%m.YouTubeScrapper getHomeWithoutAuth to %m.JSONObject"},{"code":"%4$s \u003d %1$s.HomePageVideosWithAuth(%3$s, %2$s);","color":"#FF16171C","name":"YouTubeScrapper HomePageVideosWithAuth","typeName":"","palette":"10","type":" ","spec":"%m.YouTubeScrapper getHomeWithAuth Cookie: %s Auth: %s   to %m.JSONObject"},{"code":"%s.getString(\"videos\")","color":"#FF16171C","name":"Home get video to string","typeName":"","palette":"10","type":"s","spec":"%m.JSONObject get result"},{"code":"","color":"#FF16171C","name":"YouTubeScrapper Header #3","typeName":"","palette":"10","type":"h","spec":"Search method."},{"code":"%3$s \u003d %1$s.getSearchSuggestions(%2$s);","color":"#FF16171C","name":"YouTubeScrapper getSearchSuggestions","typeName":"","palette":"10","type":" ","spec":"%m.YouTubeScrapper searchSuggestions %s  to %m.JSONArray"},{"code":"%4$s \u003d %1$s.getSearchResultsAPI(%2$s, %3$s);","color":"#FF16171C","name":"YouTubeScrapper getSearchResultsAPI","typeName":"","palette":"10","type":" ","spec":"%m.YouTubeScrapper search for %s  nextToken %s  to %m.JSONObject"},{"code":"","color":"#FF16171C","name":"YouTubeScrapper Header #4 ","typeName":"","palette":"10","type":"h","spec":"Player method"},{"code":"%4$s \u003d %1$s.getVideo(%2$s, %3$s);","color":"#FF16171C","name":"YouTubeScrapper getVideo","typeName":"","palette":"10","type":" ","spec":"%m.YouTubeScrapper getVideoInfo %s  use hls? %b  to %m.JSONObject"},{"code":"%4$s \u003d %1$s.getComments(%2$s, %3$s);","color":"#FF16171C","name":"YouTubeScrapper getComments","typeName":"","palette":"10","type":" ","spec":"%m.YouTubeScrapper getComments %s  nextPage %s to %m.JSONObject "},{"code":"","color":"#FF16171C","name":"YouTubeScrapper Header #5","typeName":"","palette":"10","type":"h","spec":"Channel method"},{"code":"%3$s \u003d %1$s.getChannelMetaDetails(%2$s);","color":"#FF16171C","name":"YouTubeScrapper getChannelMetadata","typeName":"","palette":"10","type":" ","spec":"%m.YouTubeScrapper getChannelMetadata %s to %m.JSONObject"},{"code":"%3$s \u003d %1$s.getChannelVideos(%2$s);","color":"#FF16171C","name":"YouTubeScrapper getChannelVideos","typeName":"","palette":"10","type":" ","spec":"%m.YouTubeScrapper getChannelVideos %s to %m.JSONObject"},{"code":"%3$s \u003d %1$s.getChannelVideosNext(%2$s);","color":"#FF16171C","name":"YouTubeScrapper getChannelVideosNext","typeName":"","palette":"10","type":" ","spec":"%m.YouTubeScrapper getChannelVideosNext %s to %m.JSONObject"},{"code":"%3$s \u003d %1$s.getChannelShorts(%2$s);","color":"#FF16171C","name":"YouTubeScrapper getChannelShorts","typeName":"","palette":"10","type":" ","spec":"%m.YouTubeScrapper getChannelShorts %s to %m.JSONObject"},{"code":"%3$s \u003d %1$s.getChannelAbout(%2$s);","color":"#FF16171C","name":"YouTubeScrapper getChannelAbout","typeName":"","palette":"10","type":" ","spec":"%m.YouTubeScrapper getChannelAbout %s to %m.JSONObject"}]